{"test_attr_11_accuracy":0.7421428561210632,"_step":34,"test_attr_0_accuracy":0.7385714054107666,"test_attr_21_accuracy":0.741428554058075,"test_attr_10_accuracy":0.7021428346633911,"test_accuracy":0.7131868004798889,"test_attr_9_accuracy":0.6557142734527588,"test_attr_17_accuracy":0.7621428370475769,"test_attr_15_accuracy":0.7671428322792053,"test_attr_24_accuracy":0.5178571343421936,"test_attr_19_accuracy":0.7699999809265137,"final_val_accuracy":0.7106593251228333,"test_attr_25_accuracy":0.49142858386039734,"test_attr_18_accuracy":0.7371428608894348,"_wandb":{"runtime":4225},"val_accuracy":0.7106593251228333,"test_attr_1_accuracy":0.7571428418159485,"final_epoch":33,"accuracy":0.7107828259468079,"test_attr_12_accuracy":0.770714282989502,"_runtime":4210.580827,"test_attr_4_accuracy":0.7471428513526917,"val_loss":0.5886914919723164,"test_attr_5_accuracy":0.7671428322792053,"test_attr_2_accuracy":0.7549999952316284,"test_attr_22_accuracy":0.7371428608894348,"test_attr_16_accuracy":0.7371428608894348,"test_loss":0.5854318656704642,"epoch":33,"final_accuracy":0.7107828259468079,"final_loss":0.5891935270173209,"loss":0.5891935270173209,"final_val_loss":0.5886914919723164,"test_attr_14_accuracy":0.7421428561210632,"test_attr_3_accuracy":0.7478571534156799,"test_attr_8_accuracy":0.7285714149475098,"test_attr_13_accuracy":0.7450000047683716,"test_attr_6_accuracy":0.7128571271896362,"test_attr_7_accuracy":0.7092857360839844,"test_attr_23_accuracy":0.4957142770290375,"test_attr_20_accuracy":0.7642857432365417,"_timestamp":1.73347939959725e+09}