{"batch_shape_loss":0.4637628197669983,"test_loss":2.7015928526719413,"batch_part_weighted":0.2663744390010834,"test_attr_1_accuracy":0.8299866318702698,"batch_style_loss":0.46975961327552795,"test_attr_23_accuracy":0.8152610659599304,"test_attr_15_accuracy":0.9892904758453369,"epoch":15,"batch_part_loss":0.2663744390010834,"test_attr_21_accuracy":0.9946452379226685,"batch_accuracy":0.8092948794364929,"test_attr_5_accuracy":0.49129852652549744,"test_attr_2_accuracy":0.9370816349983215,"test_attr_6_accuracy":0.9799196720123291,"train_accuracy":0.8093742991702175,"test_attr_24_accuracy":0.8875501751899719,"batch_texture_loss":0.3792211413383484,"train_loss":3.9722944082215776,"test_attr_4_accuracy":0.969210147857666,"_timestamp":1.733677515738505e+09,"_wandb":{"runtime":24228},"test_attr_13_accuracy":0.515394926071167,"batch_texture_weighted":0.3792211413383484,"test_attr_9_accuracy":0.5394912958145142,"test_attr_14_accuracy":0.8072289228439331,"test_attr_12_accuracy":0.7576974630355835,"test_attr_10_accuracy":0.9156626462936401,"batch_contrastive_loss":0.7191429138183594,"test_attr_20_accuracy":0.9959839582443237,"batch_total_loss":3.9580159187316895,"batch_shape_weighted":0.4637628197669983,"val_accuracy":0.8003996003996005,"test_attr_19_accuracy":0.496653288602829,"batch_loss":3.9580159187316895,"batch_fabric_loss":0.47085249423980713,"test_attr_0_accuracy":0.759036123752594,"test_attr_22_accuracy":0.9183400273323059,"test_attr_25_accuracy":0.7028112411499023,"test_attr_18_accuracy":0.7389557957649231,"batch_fabric_weighted":0.47085249423980713,"test_attr_8_accuracy":0.7804551720619202,"test_attr_17_accuracy":0.9170013666152954,"_step":16811,"val_loss":4.657639631858239,"test_attr_3_accuracy":0.9638554453849792,"_runtime":24217.932298,"test_attr_16_accuracy":0.6412315964698792,"test_accuracy":0.8024920193594892,"test_attr_11_accuracy":0.8420348167419434,"batch_style_weighted":0.9395192265510559,"test_attr_7_accuracy":0.6787148714065552}