{"test_attr_6_accuracy":0.9799196720123291,"test_attr_3_accuracy":0.9638554453849792,"batch_accuracy":0.7980769276618958,"val_accuracy":0.8040959040959041,"batch_texture_loss":0.3267103135585785,"batch_total_loss":3.9282455444335938,"test_attr_11_accuracy":0.8420348167419434,"test_attr_22_accuracy":0.9183400273323059,"batch_shape_weighted":0.45520883798599243,"test_attr_24_accuracy":0.8875501751899719,"test_attr_23_accuracy":0.8152610659599304,"batch_fabric_weighted":0.4637720286846161,"test_attr_10_accuracy":0.9156626462936401,"prediction_samples":{"width":2000,"height":2000,"_type":"image-file","sha256":"c97b4b28499ffe4cfe8f6859475a51d1791155a45018960312673640da1e2d3f","size":1269683,"path":"media/images/prediction_samples_12336_c97b4b28499ffe4cfe8f.png","format":"png"},"test_attr_14_accuracy":0.8072289228439331,"test_attr_12_accuracy":0.7576974630355835,"test_attr_16_accuracy":0.3962516784667969,"test_attr_5_accuracy":0.45113787055015564,"batch_style_loss":0.486796498298645,"test_attr_1_accuracy":0.8299866318702698,"batch_loss":3.9282455444335938,"batch_texture_weighted":0.3267103135585785,"_runtime":13606.259807,"test_loss":2.6414804458618164,"test_attr_17_accuracy":0.9170013666152954,"test_attr_18_accuracy":0.7389557957649231,"_step":12336,"test_attr_20_accuracy":0.9959839582443237,"test_attr_25_accuracy":0.7041499614715576,"test_attr_8_accuracy":0.7804551720619202,"batch_fabric_loss":0.4637720286846161,"batch_part_loss":0.35116046667099,"batch_shape_loss":0.45520883798599243,"test_attr_13_accuracy":0.5595716238021851,"val_loss":2.8778304136716404,"batch_contrastive_loss":0.678900420665741,"test_attr_9_accuracy":0.4551539421081543,"test_accuracy":0.7927607867366904,"test_attr_19_accuracy":0.5662650465965271,"batch_part_weighted":0.35116046667099,"train_accuracy":0.8088136353442476,"test_attr_2_accuracy":0.9370816349983215,"test_attr_4_accuracy":0.969210147857666,"test_attr_0_accuracy":0.759036123752594,"_timestamp":1.733714367646898e+09,"test_attr_7_accuracy":0.6800535321235657,"test_attr_21_accuracy":0.9946452379226685,"epoch":11,"train_loss":3.968297606290773,"_wandb":{"runtime":13607},"test_attr_15_accuracy":0.9892904758453369,"batch_style_weighted":0.97359299659729}