{"batch_total_loss":4.038802623748779,"batch_shape_loss":0.48762020468711853,"batch_part_loss":0.31114259362220764,"batch_fabric_weighted":0.4547484219074249,"batch_contrastive_loss":0.7911123633384705,"batch_part_weighted":0.31114259362220764,"batch_shape_weighted":0.48762020468711853,"batch_loss":4.038802623748779,"_runtime":2061.918228,"batch_accuracy":0.817307710647583,"batch_style_weighted":0.8344966173171997,"batch_texture_loss":0.3685699701309204,"_wandb":{"runtime":2063},"batch_fabric_loss":0.4547484219074249,"batch_texture_weighted":0.3685699701309204,"batch_style_loss":0.41724830865859985,"_step":1117,"_timestamp":1.7335591891896331e+09}