{"test_attr_1_accuracy":0.7642857432365417,"test_attr_24_accuracy":0.47928571701049805,"test_attr_11_accuracy":0.7478571534156799,"val_accuracy":0.7100274562835693,"test_attr_20_accuracy":0.7528571486473083,"test_attr_23_accuracy":0.49714285135269165,"_wandb":{"runtime":6217},"test_attr_6_accuracy":0.6971428394317627,"test_attr_9_accuracy":0.6878571510314941,"test_attr_4_accuracy":0.756428599357605,"test_attr_8_accuracy":0.7085714340209961,"epoch":49,"_timestamp":1.733472810669739e+09,"test_attr_16_accuracy":0.7535714507102966,"test_attr_0_accuracy":0.7350000143051147,"test_attr_10_accuracy":0.6850000023841858,"_runtime":6207.60631,"test_attr_7_accuracy":0.7164285778999329,"test_attr_22_accuracy":0.7478571534156799,"accuracy":0.711517870426178,"final_loss":0.5890001099450247,"final_accuracy":0.711517870426178,"test_loss":0.5879460329359228,"test_attr_13_accuracy":0.7721428275108337,"test_attr_14_accuracy":0.7428571581840515,"test_attr_5_accuracy":0.7521428465843201,"test_attr_21_accuracy":0.758571445941925,"test_attr_3_accuracy":0.7521428465843201,"test_attr_17_accuracy":0.7492856979370117,"test_attr_25_accuracy":0.5142857432365417,"_step":50,"loss":0.5890001099450247,"final_val_loss":0.5892398736693643,"test_accuracy":0.7104395627975464,"final_val_accuracy":0.7100274562835693,"test_attr_2_accuracy":0.7307142615318298,"final_epoch":49,"test_attr_12_accuracy":0.7514285445213318,"test_attr_18_accuracy":0.7521428465843201,"test_attr_15_accuracy":0.7192857265472412,"val_loss":0.5892398736693643,"test_attr_19_accuracy":0.7471428513526917}