{"batch_contrastive_loss":0.697782039642334,"batch_part_loss":0.26357051730155945,"batch_style_loss":0.5341368913650513,"val_accuracy":0.8050949050949051,"batch_style_weighted":1.0682737827301025,"_runtime":17015.679171,"_wandb":{"runtime":17015},"batch_fabric_loss":0.46594125032424927,"val_loss":3.1115215558272142,"batch_shape_loss":0.534612774848938,"batch_part_weighted":0.26357051730155945,"epoch":13,"batch_shape_weighted":0.534612774848938,"train_loss":3.9633584604706873,"batch_fabric_weighted":0.46594125032424927,"batch_texture_weighted":0.3409329056739807,"batch_total_loss":4.06889533996582,"batch_accuracy":0.8044871687889099,"_step":14546,"_timestamp":1.73364979911675e+09,"batch_loss":4.06889533996582,"train_accuracy":0.8093883157658668,"batch_texture_loss":0.3409329056739807}