{"_step":14546,"batch_total_loss":4.093794822692871,"batch_fabric_weighted":0.4015680253505707,"val_loss":2.8591550313509426,"batch_texture_weighted":0.3777107894420624,"_runtime":27320.875055,"batch_fabric_loss":0.4015680253505707,"train_loss":3.9672074179316676,"batch_texture_loss":0.3777107894420624,"batch_shape_weighted":0.4692690670490265,"train_accuracy":0.809682664274501,"batch_loss":4.093794822692871,"batch_style_loss":0.5568360090255737,"_wandb":{"runtime":27321},"batch_shape_loss":0.4692690670490265,"val_accuracy":0.8061938061938062,"_timestamp":1.7335916620433412e+09,"batch_accuracy":0.8221153616905212,"batch_contrastive_loss":0.721505343914032,"batch_part_weighted":0.28856414556503296,"batch_style_weighted":1.1136720180511475,"batch_part_loss":0.28856414556503296,"epoch":13}