{"val_accuracy":0.7115384340286255,"final_val_loss":0.5879391269250349,"test_attr_18_accuracy":0.7521428465843201,"test_attr_9_accuracy":0.7164285778999329,"test_loss":0.5860327509316531,"test_attr_23_accuracy":0.5049999952316284,"test_attr_7_accuracy":0.6971428394317627,"test_attr_3_accuracy":0.7607142925262451,"test_attr_4_accuracy":0.7514285445213318,"_timestamp":1.733463116205955e+09,"loss":0.5889199437413897,"test_attr_24_accuracy":0.4807142913341522,"test_attr_6_accuracy":0.7278571724891663,"final_val_accuracy":0.7115384340286255,"_wandb":{"runtime":3607},"test_attr_13_accuracy":0.7478571534156799,"test_attr_0_accuracy":0.743571400642395,"test_attr_17_accuracy":0.7321428656578064,"test_attr_15_accuracy":0.756428599357605,"accuracy":0.7111675143241882,"epoch":27,"test_attr_1_accuracy":0.7507143020629883,"test_attr_25_accuracy":0.49785715341567993,"_runtime":3598.295356,"test_attr_12_accuracy":0.7228571176528931,"test_attr_14_accuracy":0.7507143020629883,"val_loss":0.5879391269250349,"test_attr_20_accuracy":0.7457143068313599,"test_attr_10_accuracy":0.6907142996788025,"test_attr_19_accuracy":0.7649999856948853,"_step":28,"test_attr_21_accuracy":0.7442857027053833,"test_attr_2_accuracy":0.7485714554786682,"test_accuracy":0.7117307782173157,"test_attr_11_accuracy":0.7592856884002686,"final_accuracy":0.7111675143241882,"final_epoch":27,"test_attr_5_accuracy":0.7507143020629883,"test_attr_16_accuracy":0.7557142972946167,"final_loss":0.5889199437413897,"test_attr_8_accuracy":0.6800000071525574,"test_attr_22_accuracy":0.7714285850524902}