{"_timestamp":1.733473852650982e+09,"loss":0.6524468677384513,"accuracy":0.6890344619750977,"val_accuracy":0.7096428275108337,"_wandb":{"runtime":161},"_step":0,"val_loss":0.5914901901375164,"epoch":0,"_runtime":128.696695}