{"test_attr_10_accuracy":0.7599999904632568,"test_attr_16_accuracy":0.8199999928474426,"test_accuracy":0.7269230484962463,"final_loss":0.7313587665557861,"test_attr_17_accuracy":0.7799999713897705,"test_attr_14_accuracy":0.8199999928474426,"test_attr_23_accuracy":0.6000000238418579,"val_loss":0.6904283165931702,"test_attr_21_accuracy":0.8199999928474426,"final_val_accuracy":0.7176923155784607,"val_accuracy":0.7176923155784607,"final_accuracy":0.629230797290802,"_runtime":6.955551,"final_epoch":1,"final_val_loss":0.6904283165931702,"test_attr_9_accuracy":0.7200000286102295,"test_attr_19_accuracy":0.800000011920929,"test_attr_6_accuracy":0.7799999713897705,"_step":2,"test_attr_11_accuracy":0.800000011920929,"test_attr_0_accuracy":0.7799999713897705,"test_attr_20_accuracy":0.7400000095367432,"test_attr_2_accuracy":0.8199999928474426,"epoch":1,"test_attr_25_accuracy":0.47999998927116394,"test_attr_4_accuracy":0.7400000095367432,"_timestamp":1.733474384582777e+09,"_wandb":{"runtime":9},"test_attr_22_accuracy":0.6600000262260437,"accuracy":0.629230797290802,"test_attr_7_accuracy":0.7400000095367432,"test_attr_3_accuracy":0.7400000095367432,"test_attr_13_accuracy":0.7599999904632568,"test_attr_24_accuracy":0.47999998927116394,"test_attr_15_accuracy":0.6399999856948853,"test_attr_8_accuracy":0.6200000047683716,"test_attr_1_accuracy":0.800000011920929,"loss":0.7313587665557861,"test_attr_18_accuracy":0.7599999904632568,"test_loss":0.6899042129516602,"test_attr_5_accuracy":0.7200000286102295,"test_attr_12_accuracy":0.7200000286102295}