{"val_style_loss":1.5088317322826065e-08,"_wandb":{"runtime":483},"style_loss":0.002328026825905129,"_runtime":483.915656,"val_part_loss":1.2468857112873428e-06,"texture_loss":0.005379174500953273,"part_loss":0.004230596389554973,"val_texture_loss":9.823910121750403e-07,"loss":0.020007920037688955,"_timestamp":1.7333903563595269e+09,"fabric_loss":0.003192227558486463,"val_shape_loss":1.4494297292086147e-06,"_step":49,"val_loss":4.008593867349026e-06,"shape_loss":0.004877894894619073,"val_fabric_loss":3.147990493733811e-07}